{"mean": [-617.1354246351455, 66.09242049720552, -4.855442551564839, 10.20342756172524, -0.2210904193970944, 8.248785950611333, -8.382125907391309, 0.882887872847722, -7.187925829357441, -5.599997760035977, -4.007405421756104, -1.944314046254067, -1.7493154297870004], "scale": [102.54399735389754, 14.819516613235429, 11.788870815861197, 8.134689306004896, 6.86704291108491, 7.1798069224064225, 6.065029963579126, 5.213925660308212, 4.969141131782223, 4.348078936034081, 3.777137417789585, 3.3138287790984813, 3.954042163592309]}